ID,Link,Views
0,https://www.instagram.com/reel/DM_NkH9yetS/?igsh=c2IwODF3ZGViZ2Zr,143904
1,https://www.instagram.com/reel/DJfKewcx5o0/?igsh=bXZ0MThveDF6ZzJs,70541
2,https://www.instagram.com/reel/DFF17YGuZGr/?igsh=cm5sOTc4c296MW52,232024
3,https://www.instagram.com/reel/DN3G2Ae3C32/?igsh=MWEwdmZtZ2k1MnE3cA==,158917
4,https://www.instagram.com/reel/DCXZv6Pt98a/?igsh=MWljNzF0bnN2emRjbQ==,348096
5,https://www.instagram.com/reel/DA6IggzRu7_/?igsh=MXdkaDRlcXN6MXIzdA==,2680186
6,https://www.instagram.com/reel/DA4A_cyPE81/?igsh=MXNydG91OTF5cXN4dw==,104342
7,https://www.instagram.com/reel/DFbcm--upKO/?igsh=dHpkdDA2YzNtYWVl,85354
8,https://www.instagram.com/reel/DI36wRetsu0/?igsh=MWtheXNjZ2xnMHM4cA==,53387
9,https://www.instagram.com/reel/DO7AqTcjKpV/?igsh=aGZoMWwzbnh5cXhh,239678
10,https://www.instagram.com/reel/DPO-dE9j8tC/?igsh=MWZnMjA0bmljZWl4eA==,36866
11,https://www.instagram.com/reel/DDVFmdSv-Li/?igsh=bDJxOHA1a3MyNmlq,946031
12,https://www.instagram.com/reel/C4irAgDuF11/?igsh=OGExdmJ1YjllYWFq,929565
13,https://www.instagram.com/reel/C5s_wgsLnRA/?igsh=Mm5lYjQxdDcxc2V5,1285231
14,https://www.instagram.com/reel/DHO8vnjShna/?igsh=MTQzcGtpcXRvbTRubA==,576526
15,https://www.instagram.com/reel/DND-XtMRDzX/?igsh=bzg3dGFwNG81NHE1,337457
16,https://www.instagram.com/reel/DN9REsYjlBi/?igsh=bTNkYXpienEzMnVn,35247
17,https://www.instagram.com/reel/DGYGGSBui-D/?igsh=MThnZG8xZnlrZDBsag==,360050
18,https://www.instagram.com/reel/DOmOYJ3jpNW/?igsh=MWtsZ2ZnYXdtdTJ4Zg==,36564
19,https://www.instagram.com/reel/DLqbaM9vzPV/?igsh=aTE3N3RmcWQ5bzVh,161081
20,https://www.instagram.com/reel/DIfEU6EzyYV/?igsh=MTVwbmNpajRpdzNxeg==,769540
21,https://www.instagram.com/reel/DArQbjARCIi/?igsh=ZjJvd2NjMjVwMzNw,3762342
22,https://www.instagram.com/reel/DOjmtuqAHSu/?igsh=M2d3azhuZG10N2Rs,139388
23,https://www.instagram.com/reel/DMau0rxtURO/?igsh=d2tkd3l5NGV4M3kw,176417
24,https://www.instagram.com/reel/DOlpU40gF7B/?igsh=dXBqemN1aTA5Nmwz,13177
25,https://www.instagram.com/reel/DEauYJFRMan/?igsh=MW03dXVvZnVzaGN2NQ==,770398
26,https://www.instagram.com/reel/DFgOcilKOZg/?igsh=cWkyZXVvNTNjb2k1,2026550
27,https://www.instagram.com/reel/DBsDeoJtB34/?igsh=MXB0NXJxbWg0dmpwZA==,9080605
28,https://www.instagram.com/reel/DOCljYQgfDW/?igsh=dmZqazZtZWs1aHZ0,1310306
29,https://www.instagram.com/reel/DN_J2sXjzw_/?igsh=MW1rbHM1bWE4cGVuYQ==,614046
30,https://www.instagram.com/reel/DMRSpdpzrHS/?igsh=NmE4cHpnaXk2dzA0,348016
31,https://www.instagram.com/reel/DPJrWpMjoGK/?igsh=MTU0ZXJsN2h5bzIzcA==,138808
32,https://www.instagram.com/reel/Ct4E3dDLiyI/?igsh=bmN0MHdjMTlvMnJk,960053
33,https://www.instagram.com/reel/DLubsz6skeB/?igsh=MTV5a2ZwaXd3bHV2eg==,1653673
34,https://www.instagram.com/reel/DN3Q7R73A_p/?igsh=MXF4ZmJlYjV1a2JwcQ==,1532765
35,https://www.instagram.com/reel/DOZTd-BgOWO/?igsh=MWM0MWdzZW9neGVtOQ==,64043
36,https://www.instagram.com/reel/DDxhkk_xvPE/?igsh=MW1wYWpqZWZwM2Q3eA==,313102
37,https://www.instagram.com/reel/DNbNhCEPWjR/?igsh=MWoxZnd5cnlsYnQ0cQ==,132026
38,https://www.instagram.com/reel/DO9epoKDpfu/?igsh=OWxqcHNkbzJhZmd1,168784
39,https://www.instagram.com/reel/DNvtF-ZWNK9/?igsh=bzZrdHN2dWE4bHlw,119046
40,https://www.instagram.com/reel/DO_88lREvb9/?igsh=d2cxMWNmYWU2OThy,20040
41,https://www.instagram.com/reel/DOuNKm9jJKK/?igsh=ano5bng3anUwajZu,11370
42,https://www.instagram.com/reel/DPCb7LBEcsS/?igsh=MXh3ODJnbTZ3N25zeA==,32529
43,https://www.instagram.com/reel/DKfVUrqpLxx/?igsh=MW05Mm4zeWptZjVzMA==,60503
44,https://www.instagram.com/reel/DOvpeyPDhAu/?igsh=MWk0MXNsbDc1Z2x0aw==,60704
45,https://www.instagram.com/reel/DL3TW9oOfAC/?igsh=MWk5bWNweWw0emVoZg==,459841
46,https://www.instagram.com/reel/DHCGDi_xUW0/?igsh=OTNoanMzc2Nydjgz,918698
47,https://www.instagram.com/reel/DPClmY4jj1e/?igsh=NndtM3JlM2h6aGw4,58963
48,https://www.instagram.com/reel/DO_7cWyAfqj/?igsh=MThtcThlaGU5aGN3cQ==,47846
49,https://www.instagram.com/reel/DO-1-zPDb0B/?igsh=MWZuZWZwcnBhMTE5eA==,35878
50,https://www.instagram.com/reel/DNyJDxPYnCr/?igsh=MTN0aGd6b3N5Z3E0Mw==,55051
51,https://www.instagram.com/reel/DMiPcY7M7Ne/?igsh=MTZpbmRyanlobjdpNg==,749751
52,https://www.instagram.com/reel/DD1t3RgTRyq/?igsh=YjE3OXFhbmd3b3Nr,1300623
53,https://www.instagram.com/reel/DM2mQbWOOrD/?igsh=NG8wczQ0Zm9vZGEw,126992
54,https://www.instagram.com/reel/DNNzDQmhNqg/?igsh=MWx6Y3ZuMGxnNWVuNA==,146166
55,https://www.instagram.com/reel/DKs1HA3B3pd/?igsh=NmdnN2g1ZjI0NWZ6,499765
56,https://www.instagram.com/reel/DNE4tPSRzZe/?igsh=MTJtNjBidnFvdTNqaQ==,329110
57,https://www.instagram.com/reel/DMVlPx6szGB/?igsh=Nnhrb3oydmJ5bmc0,149175
58,https://www.instagram.com/reel/DO10hkVDtmY/?igsh=MTQ1ajcxNGRxaGdm,78538
59,https://www.instagram.com/reel/DM8m2y6RuEN/?igsh=MXdsNWg1anM0MjhqYQ==,126466
60,https://www.instagram.com/reel/DPFFBfyASZ_/?igsh=ZDhiM29jd2ZoNXk0,15521
61,https://www.instagram.com/reel/DCDx7NHNCwD/?igsh=MWFndW9vM3B3b3l2bA==,1570773
62,https://www.instagram.com/reel/DO-O42ck6en/?igsh=dXloOHV0N3UzMDQx,96642
63,https://www.instagram.com/reel/DNqkY23u42m/?igsh=ZjF5eXljNzVvaHVs,177480
64,https://www.instagram.com/reel/DMFi_MoBgEo/?igsh=MWF0bmpqazBreDdtYQ==,295598
65,https://www.instagram.com/reel/DOgnHvKgVQU/?igsh=YzFyOXRlNzU4bjVq,119036
66,https://www.instagram.com/reel/C0mW5CvstnT/?igsh=MWE0d2ozZ2FreGZqcA==,126816
67,https://www.instagram.com/reel/Cq5orC6hPnt/?igsh=MXdydXZlcDhiaDNqbg==,6491766
68,https://www.instagram.com/reel/DNavr_JIkUp/?igsh=d2dubW81em1rdjBs,412011
69,https://www.instagram.com/reel/DNtMlVM3A_0/?igsh=NWRjNWdrcWg3aGFl,1281694
70,https://www.instagram.com/reel/DADtnm8tGG9/?igsh=MW9oazIwNzY3bXFocQ==,224187
71,https://www.instagram.com/reel/DOSzzfjDP7o/?igsh=ZXJjYzl5d3c3dTl5,332274
72,https://www.instagram.com/reel/DIs0I4EtNfo/?igsh=MXR5ZGhoN3UzazJh,39656
73,https://www.instagram.com/reel/DMf5VVjNqZ_/?igsh=cGphM2hpMDMwNHZ1,703368
74,https://www.instagram.com/reel/C4fr7GfNPPy/?igsh=MTY2azhhNDc4ZXN4Zw==,121377
75,https://www.instagram.com/reel/CerJUrWvajA/?igsh=dXU3cTNndzc4Z3Ax,298134
76,https://www.instagram.com/reel/DNIspEdMirh/?igsh=MTd6MXM2ZmY2b2E1bg==,148895
77,https://www.instagram.com/reel/DMTKOPrRDZz/?igsh=am9tcDA4cmJvc21u,1361806
78,https://www.instagram.com/reel/DMlbuMyPsXb/?igsh=MWFwNWJ1cG5hcjh3Zg==,242224
79,https://www.instagram.com/reel/DFfz3oDPmB_/?igsh=MWVrZzFtaWttMDE1Zg==,290299
80,https://www.instagram.com/reel/DO7m5ehkwIF/?igsh=MTVwM2Q4ZXVkYzZpNg==,83918
81,https://www.instagram.com/reel/DO6byF_Dqnx/?igsh=NndhYXJreG10MGQy,62985
82,https://www.instagram.com/reel/DMBdu2run4S/?igsh=ZzU3c20zNDRkMWJh,214256
83,https://www.instagram.com/reel/DNYTmjlulVr/?igsh=OXltbno4bW9tZ3Ey,217302
84,https://www.instagram.com/reel/DM0Uc2Zxbup/?igsh=d2F1NjloeTRvNm5w,192313
85,https://www.instagram.com/reel/DMVt0S2hBSn/?igsh=NDhkaTJlM2VsY2Zh,199095
86,https://www.instagram.com/reel/DOzmVPDkzyc/?igsh=MWlpbWp5MmQ1dDV6Zw==,203815
87,https://www.instagram.com/reel/DPC_JC8CFt0/?igsh=OWkxNjBuM29zcjF4,50896
88,https://www.instagram.com/reel/DO1oNYjkbme/?igsh=MXV3YjhweGc0OGFsZA==,66925
89,https://www.instagram.com/reel/DNR-m5DzP02/?igsh=bjl4ZDU0eXNza2s=,284743
90,https://www.instagram.com/reel/DMaPKAXBMqL/?igsh=aWFqZ3AxeWI2MHF3,116760
91,https://www.instagram.com/reel/DPPtWL1E6Kc/?igsh=MWg0Ymc3cGhuZnJwYw==,85563
92,https://www.instagram.com/reel/DNniISXBU3L/?igsh=MWRveXB6MnUzdnk2,87838
93,https://www.instagram.com/reel/DN6QwIvjo0v/?igsh=MTIybnRvaDNvZXVseg==,97151
94,https://www.instagram.com/reel/DPHNrjDExeP/?igsh=bGRsdGZuYWtzODR6,75902
95,https://www.instagram.com/reel/DF0e46Xpl18/?igsh=MW4xcXJxcWltaHg1ag==,843096
96,https://www.instagram.com/reel/DOHShbyjsSe/?igsh=MXhtZGlrcHhkaXV4,184858
97,https://www.instagram.com/reel/DNth96HhDJA/?igsh=MTF4Yjdja2N0YWFwMA==,265628
98,https://www.instagram.com/reel/DNs2d5-Wo3G/?igsh=ZHIzMGpocm1obTBk,310281
99,https://www.instagram.com/reel/DOUbQH0CWuE/?igsh=MTV3NXZyZTdkYno3eg==,19948
100,https://www.instagram.com/reel/DOTwQoUD0b_/?igsh=Ymo5bzgzem5lZWty,44981
101,https://www.instagram.com/reel/DPNLPLfDFnj/?igsh=MXFjYjZzZm1ramYxNw==,15391
102,https://www.instagram.com/reel/DLxiIqHB_Um/?igsh=OHUzbXFybnNwMDFm,205937
103,https://www.instagram.com/reel/DPPAYlGE9bY/?igsh=MThnMWowdzVmNmg4eA==,84187
104,https://www.instagram.com/reel/DO9WpV1EWsi/?igsh=MWc2N3M4NzN0NDlkdw==,59472
105,https://www.instagram.com/reel/DOJ8i1tjq1Y/?igsh=aGJyNGpkd21tYjF4,112065
106,https://www.instagram.com/reel/DO7nClIgaFd/?igsh=M3AwNGdkNGZxMWI5,101685
107,https://www.instagram.com/reel/DMeOm0mTJex/?igsh=bm8ydTUxb3k3cDZq,284509
108,https://www.instagram.com/reel/DND98x6TIiz/?igsh=cXJqZjVzb3ZyNDBo,613179
109,https://www.instagram.com/reel/DO6xnamD7g2/?igsh=NTc2aWxtdmdxMG01,55508
110,https://www.instagram.com/reel/DOzFrzBEg-e/?igsh=MWg3Z3Q2MWhqeWF3eA==,64874
111,https://www.instagram.com/reel/Cu7Ht-Ot_7n/?igsh=MWl4YmFsazlhbnpybw==,238798
112,https://www.instagram.com/reel/DPFVQiWDQUQ/?igsh=MW5ld29rNWpwdGs4aQ==,13681
113,https://www.instagram.com/reel/DMTrFzyO2m2/?igsh=MTNsdG85NjZta2liaQ==,119855
114,https://www.instagram.com/reel/DO6I-gBDkjR/?igsh=eXV1eDVxdHJmcDVr,79230
115,https://www.instagram.com/reel/DMxxlCpPZNl/?igsh=eXk5dWp6eWNzd2Fh,52242
116,https://www.instagram.com/reel/DPAcfD-k3Og/?igsh=ODl3bmJ6MWR4eW4w,375840
117,https://www.instagram.com/reel/DMLQ8g5zyXh/?igsh=d2Rrc3M0bGgzZ3Bl,778051
118,https://www.instagram.com/reel/DOEu2rRj2wl/?igsh=NmFmeHp5a2ttc2o0,158705
119,https://www.instagram.com/reel/DGq6z7YPdwf/?igsh=eDBkeTh5cGExM3l2,1179186
120,https://www.instagram.com/reel/DO10LDQDr1-/?igsh=MXF4NGZlaGltdzZmMQ==,15071
121,https://www.instagram.com/reel/DO6xx64keYQ/?igsh=MWRsbzJ5cGx0b3JmcA==,22340
122,https://www.instagram.com/reel/DPRLAwFjrhO/?igsh=MWZnMXcwZ2Z4Mmlhcg==,25502
123,https://www.instagram.com/reel/DO8mCW7jdJR/?igsh=MXQ3eHpuamZqcTV6NQ==,15244
124,https://www.instagram.com/reel/DPID86NDHwA/?igsh=c24zbDc5bXBmamVy,14299
125,https://www.instagram.com/reel/DO89fVgj0v5/?igsh=ZHFwMWRmNmNqNDQ=,16715
126,https://www.instagram.com/reel/DPPuof_Estv/?igsh=MWlhb3kxMXE1Ymlwdw==,33172
127,https://www.instagram.com/reel/DMQWqh6O_XM/?igsh=Njc5ajFpYXg3MG1v,3452532
128,https://www.instagram.com/reel/DOmr28-DVYc/?igsh=eHlvdDdlbW80aGli,3373687
129,https://www.instagram.com/reel/DPPNERCiNYq/?igsh=YWtiNGl4eHh4aDJx,25460
130,https://www.instagram.com/reel/C5JbPixMuDx/?igsh=Z3V5czI2azFjY29k,266930
131,https://www.instagram.com/reel/DCBxxF3RHb3/?igsh=NGFjbjhwMnh0c2t5,95641
132,https://www.instagram.com/reel/Cj8Ka36AYGe/?igsh=NnNzcmU4enBlcmkz,1204588
133,https://www.instagram.com/reel/DNiCDUhtNvS/?igsh=MXFnbDQ3NTU5M3h1MA==,438116
134,https://www.instagram.com/reel/DNO9NSZvHNJ/?igsh=MTQ4OTRoYXY1azNzbQ==,303070
135,https://www.instagram.com/reel/DGftfnxNQGL/?igsh=MWNreDY4dGg1eGJsdA==,11421
136,https://www.instagram.com/reel/DMhOpoGIRyb/?igsh=MTR5djhoNmU3ZGJ3bg==,1312875
137,https://www.instagram.com/reel/DNag-yft-wg/?igsh=bjRidTJkMGh3Z2N1,234944
138,https://www.instagram.com/reel/DOUrIv3CEyW/?igsh=MjJkYmlsNTJvbjFm,339835
139,https://www.instagram.com/reel/DMsxgr0sQv_/?igsh=eTVtNjJtMmpmZTBw,53024
140,https://www.instagram.com/reel/DPLtEPxjfT3/?igsh=Zm9jdDU5YWYwaGMz,12348
141,https://www.instagram.com/reel/DL8ZjJZSKhY/?igsh=NmE3MW9hYzNsOW43,88123
142,https://www.instagram.com/reel/DNQzmOYtn64/?igsh=YjN0dTdkbzJseW1h,58270
143,https://www.instagram.com/reel/DLzwXxbOM4j/?igsh=NDR2MXE2Z2FrNnVh,139644
144,https://www.instagram.com/reel/DNqKZiGO-6R/?igsh=MXZvMWk0OHh5dnpvag==,246780
145,https://www.instagram.com/reel/DPKieNEjJ8Z/?igsh=MTU4bG11bTVxZXowaQ==,17254
146,https://www.instagram.com/reel/DO-PH3_gQNz/?igsh=MXA3djlqenF5cWdqag==,16801
147,https://www.instagram.com/reel/DMsfvmJzTmS/?igsh=MWRzbmJlZDJudWU2Zg==,379996
148,https://www.instagram.com/reel/DNHK8tnyERI/?igsh=ZDgzcjcybHNwZXdy,255309
149,https://www.instagram.com/reel/DGgrC7DJa-O/?igsh=MWJnZDFyaXpua2lhMQ==,24719
150,https://www.instagram.com/reel/DJdGItbzWVa/?igsh=MWJtOXV6Mmk3NHVmcA==,612609
151,https://www.instagram.com/reel/Cx6Dq7gtAkb/?igsh=eDE4eDI4eDF1c2l5,637538
152,https://www.instagram.com/reel/DM6iQLLTyCy/?igsh=ZXkzaXVmN2J5ZTdy,358189
153,https://www.instagram.com/reel/DMkwduZoBgH/?igsh=MTFzem5iNW81Y2JqNg==,63726
154,https://www.instagram.com/reel/DJECCtZNlJ6/?igsh=OHQ5bzg1ZWkxcGRl,56374
155,https://www.instagram.com/reel/DNTJ65rP_Zl/?igsh=MWkzZ214dXpwdWVtZw==,513389
156,https://www.instagram.com/reel/CvSaArgtDLU/?igsh=NTEwNW93dnFrYW1r,515059
157,https://www.instagram.com/reel/DKz7qPOA7U-/?igsh=MXV5M3NmdGNzbHJ5,52710
158,https://www.instagram.com/reel/DC3fKnmtAd4/?igsh=MWl3eWExcWFmc2cwbQ==,1413712
159,https://www.instagram.com/reel/DPHtv82CbAa/?igsh=YmpjYW5zcnZ0MDRi,55507
160,https://www.instagram.com/reel/DN_sefpjpsj/?igsh=M2kxbDZzbmc0M3Vm,227245
161,https://www.instagram.com/reel/DO3wOHHDXgL/?igsh=MW5ncDcwbHBpZDdtdg==,13060
162,https://www.instagram.com/reel/DMlvep6M1ur/?igsh=NzR1MXQyY2pzanNv,36016
163,https://www.instagram.com/reel/DM-pKXXuME5/?igsh=dHF4eXdkYmR3OWMy,243030
164,https://www.instagram.com/reel/DPActvfEubT/?igsh=MW9xY2pzc2NsdGIyaQ==,31781
165,https://www.instagram.com/reel/DMgOAn2O6kt/?igsh=MXBncnEwemh3Y2NmMQ==,306360
166,https://www.instagram.com/reel/DOBOFvqDp7F/?igsh=NnM2bGo5MDlodDVk,942240
167,https://www.instagram.com/reel/DO3zZzhDFOP/?igsh=MXBqdXZqeXJudjhxbw==,11653
168,https://www.instagram.com/reel/DM0N3Zlo3hr/?igsh=MXEwbGJtbGFhMHd5bw==,308641
169,https://www.instagram.com/reel/DPH7HWvEVvS/?igsh=MTFlNGMzZDQza3p6cQ==,46921
170,https://www.instagram.com/reel/DCJd9A_OAkt/?igsh=M2FxdmFjN2NocTM4,40987
171,https://www.instagram.com/reel/DF3BMeot1PN/?igsh=bWJwejUxdDVveHRn,122817
172,https://www.instagram.com/reel/DL1_2hgTGJn/?igsh=amlxYWZzMm5weWRr,351936
173,https://www.instagram.com/reel/C-Uk3RWI6TG/?igsh=ajI1bXdnang5OGs5,303440
174,https://www.instagram.com/reel/DPMB5ZCDkWa/?igsh=bW9sczNpazA5ZGtk,36782
175,https://www.instagram.com/reel/DPCGhcQDkSV/?igsh=bWF1NnBleXRlZzQ2,26081
176,https://www.instagram.com/reel/DPFaSwKDAgN/?igsh=YXR5emtzZDAxanJj,22520
177,https://www.instagram.com/reel/DMQblSRJnDy/?igsh=MjI5a29rbWhxaXVk,58330
178,https://www.instagram.com/reel/DPBkfw_DeFZ/?igsh=NHNxeWpidzlwaWhn,12193
179,https://www.instagram.com/reel/DJC1vo6Rdn6/?igsh=cTZiYWZpcml2MWtp,196175
180,https://www.instagram.com/reel/DOL1AJNjpg2/?igsh=Y2ZoaTk4ZGZoZ3do,90748
181,https://www.instagram.com/reel/DNyX_N83G00/?igsh=am9odTU5YnZsc205,90897
182,https://www.instagram.com/reel/DM_LtbyRSza/?igsh=NWN5a2d5OTF3YjN0,372256
183,https://www.instagram.com/reel/DPRW2Y1kUK7/?igsh=MWx5dW9vaDk0YjRk,13900
184,https://www.instagram.com/reel/DHZfJTuSsTe/?igsh=MXU5a2Rydno1cm9jNg==,89118
185,https://www.instagram.com/reel/DOyS9qYjlQp/?igsh=MXRzcm50aHB5MnRnOA==,68965
186,https://www.instagram.com/reel/DNgy7w4Pb-f/?igsh=MTlxdTJqYmI3eGxsOA==,150762
187,https://www.instagram.com/reel/DOuPuzLDQ_W/?igsh=MW41MG1jbnZlMGFpcg==,41665
188,https://www.instagram.com/reel/DL0n71eyxee/?igsh=b3BocHNodXU5ZDJw,85711
189,https://www.instagram.com/reel/DPHFISIDiip/?igsh=a3M5dnRrM25zNGdo,63274
190,https://www.instagram.com/reel/ClMn0AaArJz/?igsh=MXd2NGxraXVpbWY5Yw==,990164
191,https://www.instagram.com/reel/DO9p8wnEjWB/?igsh=eHd0bGpnMW55Mml0,1555936
192,https://www.instagram.com/reel/DPHQG4RDf9d/?igsh=ZjRyMWFreGtxYnp3,22305
193,https://www.instagram.com/reel/DNZewJsBgen/?igsh=MXhjM2tsNHFqaGR5dQ==,149817
194,https://www.instagram.com/reel/DMA-6i5vc_v/?igsh=MTVkaHoza3Q0b2E5Yw==,821272
195,https://www.instagram.com/reel/DIKMUoCxcVj/?igsh=bXYycGwyc3BoeGZo,264193
196,https://www.instagram.com/reel/DNRbgJup9t8/?igsh=MWI3d2NldHRrZTJsdA==,37873
197,https://www.instagram.com/reel/DOlquJBDjB1/?igsh=MXZtNWFmZWc0ZzZpNA==,230186
198,https://www.instagram.com/reel/DHr-kagATrg/?igsh=MWFjNmo1Yjlia2dpZA==,667047
199,https://www.instagram.com/reel/DMfpEm8Ojqv/?igsh=Z205bG5pMmZpd3F6,332411
200,https://vm.tiktok.com/ZMACeJFJN/,0
201,https://vm.tiktok.com/ZMACeysQS/,0
202,https://vm.tiktok.com/ZMACeuSPx/,0
203,https://vm.tiktok.com/ZMACenu3e/,0
204,https://vm.tiktok.com/ZMACe9sKG/,0
205,https://vm.tiktok.com/ZMACemCSd/,0
206,https://vm.tiktok.com/ZMACeg222/,0
207,https://vm.tiktok.com/ZMACefy6F/,0
208,https://vm.tiktok.com/ZMACeG4eu/,0
209,https://vm.tiktok.com/ZMACe3CNj/,0
210,https://vm.tiktok.com/ZMACeE9Y6/,0
211,https://vm.tiktok.com/ZMACeEsun/,0
212,https://vm.tiktok.com/ZMACe3JKu/,0
213,https://vm.tiktok.com/ZMACdYToV/,0
214,https://vm.tiktok.com/ZMACd6dEt/,0
215,https://vm.tiktok.com/ZMACdemoe/,0
216,https://vm.tiktok.com/ZMACdhpS7/,0
217,https://vm.tiktok.com/ZMACddL9R/,0
218,https://vm.tiktok.com/ZMACddRss/,0
219,https://vm.tiktok.com/ZMACde66b/,0
220,https://vm.tiktok.com/ZMACe3UDU/,0
221,https://vm.tiktok.com/ZMACdLYdD/,0
222,https://vm.tiktok.com/ZMACdRt9g/,0
223,https://vm.tiktok.com/ZMACe3oV9/,0
224,https://vm.tiktok.com/ZMACdJPHk/,0
225,https://vm.tiktok.com/ZMACdRW4D/,0
226,https://vm.tiktok.com/ZMACeKfXS/,0
227,https://vm.tiktok.com/ZMACeEcFP/,0
228,https://vm.tiktok.com/ZMACdBknN/,0
229,https://vm.tiktok.com/ZMACd9btL/,0
230,https://vm.tiktok.com/ZMACdy29J/,0
231,https://vm.tiktok.com/ZMACdqnaa/,0
232,https://vm.tiktok.com/ZMACd4P1S/,0
233,https://vm.tiktok.com/ZMACdCqJS/,0
234,https://vm.tiktok.com/ZMACdudrK/,0
235,https://vm.tiktok.com/ZMACdsJGN/,0
236,https://vm.tiktok.com/ZMACdmTv3/,0
237,https://vm.tiktok.com/ZMACdCcPX/,0
238,https://vm.tiktok.com/ZMACdGcAs/,0
239,https://vm.tiktok.com/ZMACdDseC/,0
240,https://vm.tiktok.com/ZMACdyWy4/,0
241,https://vm.tiktok.com/ZMACdmN4m/,0
242,https://vm.tiktok.com/ZMACdQJ5V/,0
243,https://vm.tiktok.com/ZMACdae7S/,0
244,https://vm.tiktok.com/ZMACdmjqC/,0
245,https://vm.tiktok.com/ZMACd9mme/,0
246,https://vm.tiktok.com/ZMACdUfkT/,0
247,https://vm.tiktok.com/ZMACdCTCn/,0
248,https://vm.tiktok.com/ZMACdDkmw/,0
249,https://vm.tiktok.com/ZMACdPvcq/,0
250,https://vm.tiktok.com/ZMACdGmJD/,0
251,https://vm.tiktok.com/ZMACdUdDy/,0
252,https://vm.tiktok.com/ZMACdpcB5/,0
253,https://vm.tiktok.com/ZMACdGE3o/,0
254,https://vm.tiktok.com/ZMACdQhBX/,0
255,https://vm.tiktok.com/ZMACdHvru/,0
256,https://vm.tiktok.com/ZMACdpS1r/,0
257,https://vm.tiktok.com/ZMACdAvSo/,0
258,https://vm.tiktok.com/ZMACdCgyQ/,0
259,https://vm.tiktok.com/ZMACdALAP/,0
260,https://vm.tiktok.com/ZMACdauMm/,0
261,https://vm.tiktok.com/ZMACdXbmh/,0
262,https://vm.tiktok.com/ZMACdV6C3/,0
263,https://vm.tiktok.com/ZMACd9hG5/,0
264,https://vm.tiktok.com/ZMACdCXfo/,0
265,https://vm.tiktok.com/ZMACdXRHd/,0
266,https://vm.tiktok.com/ZMACdHQ2v/,0
267,https://vm.tiktok.com/ZMACdVMwS/,0
268,https://vm.tiktok.com/ZMACd45wM/,0
269,https://vm.tiktok.com/ZMACdU5yc/,0
270,https://vm.tiktok.com/ZMACdpYJ9/,0
271,https://vm.tiktok.com/ZMACdQS5U/,0
272,https://vm.tiktok.com/ZMACdSdC9/,0
273,https://vm.tiktok.com/ZMACdbN4Q/,0
274,https://vm.tiktok.com/ZMACd9qf9/,0
275,https://vm.tiktok.com/ZMACd4yqP/,0
276,https://vm.tiktok.com/ZMACdG7kS/,0
277,https://vm.tiktok.com/ZMACdpAAL/,0
278,https://vm.tiktok.com/ZMACducan/,0
279,https://vm.tiktok.com/ZMACdUMpb/,0
280,https://vm.tiktok.com/ZMACdbt3X/,0
281,https://vm.tiktok.com/ZMACdV2xx/,0
282,https://vm.tiktok.com/ZMACdfeP4/,0
283,https://vm.tiktok.com/ZMACdbV4t/,0
284,https://vm.tiktok.com/ZMACdyVhg/,0
285,https://vm.tiktok.com/ZMACdqgKP/,0
286,https://vm.tiktok.com/ZMACdCW5m/,0
287,https://vm.tiktok.com/ZMACdmmkb/,0
288,https://vm.tiktok.com/ZMACdQaGG/,0
289,https://vm.tiktok.com/ZMACdg883/,0
290,https://vm.tiktok.com/ZMACdDMat/,0
291,https://vm.tiktok.com/ZMACdGvn3/,0
292,https://vm.tiktok.com/ZMACdPSwj/,0
293,https://vm.tiktok.com/ZMACdXadM/,0
294,https://vm.tiktok.com/ZMACda8RA/,0
295,https://vm.tiktok.com/ZMACd9nM3/,0
296,https://vm.tiktok.com/ZMACdXFg4/,0
297,https://vm.tiktok.com/ZMACdbsrM/,0
298,https://vm.tiktok.com/ZMACdmmxJ/,0
299,https://vm.tiktok.com/ZMACdQXXX/,0
300,https://vm.tiktok.com/ZMACdGptg/,0
301,https://vm.tiktok.com/ZMACdyc2e/,0
302,https://vm.tiktok.com/ZMACdpkBA/,0
303,https://vm.tiktok.com/ZMACd4WbL/,0
304,https://vm.tiktok.com/ZMACdDYfn/,0
305,https://vm.tiktok.com/ZMACd5vYq/,0
306,https://vm.tiktok.com/ZMACdHYap/,0
307,https://vm.tiktok.com/ZMACRLMs6/,0
308,https://vm.tiktok.com/ZMACdEh7h/,0
309,https://vm.tiktok.com/ZMACdvsw6/,0
310,https://vm.tiktok.com/ZMACRjhrD/,0
311,https://vm.tiktok.com/ZMACdcXhF/,0
312,https://vm.tiktok.com/ZMACdw3tk/,0
313,https://vm.tiktok.com/ZMACdvgHP/,0
314,https://vm.tiktok.com/ZMACR2jD8/,0
315,https://vm.tiktok.com/ZMACRLb9c/,0
316,https://vm.tiktok.com/ZMACRJnm2/,0
317,https://vm.tiktok.com/ZMACdwtt7/,0
318,https://vm.tiktok.com/ZMACR6wDN/,0
319,https://vm.tiktok.com/ZMACRNUVP/,0
320,https://vm.tiktok.com/ZMACRj6D8/,0
321,https://vm.tiktok.com/ZMACdt9qH/,0
322,https://vm.tiktok.com/ZMACdwuBA/,0
324,https://vm.tiktok.com/ZMACdnnWc/,0
325,https://vm.tiktok.com/ZMACR1dB1/,0
326,https://vm.tiktok.com/ZMACd3asN/,0
327,https://vm.tiktok.com/ZMACRdp3e/,0
328,https://vm.tiktok.com/ZMACdEMgo/,0
329,https://vm.tiktok.com/ZMACRL8bH/,0
331,https://vm.tiktok.com/ZMACRNvxW/,0
332,https://vm.tiktok.com/ZMACdoUF1/,0
334,https://vm.tiktok.com/ZMACdcj2L/,0
335,https://vm.tiktok.com/ZMACReana/,0
336,https://vm.tiktok.com/ZMACR6Wod/,0
337,https://vm.tiktok.com/ZMACReuKP/,0
338,https://vm.tiktok.com/ZMACdWwK8/,0
339,https://vm.tiktok.com/ZMACdWky2/,0
340,https://vm.tiktok.com/ZMACd3EbY/,0
341,https://vm.tiktok.com/ZMACdWuXa/,0
342,https://vm.tiktok.com/ZMACdoDgc/,0
343,https://vm.tiktok.com/ZMACRF3fK/,0
344,https://vm.tiktok.com/ZMACRFANX/,0
345,https://vm.tiktok.com/ZMACR6jym/,0
346,https://vm.tiktok.com/ZMACdoqWt/,0
347,https://vm.tiktok.com/ZMACRjpK4/,0
348,https://vm.tiktok.com/ZMACRj5yK/,0
349,https://vm.tiktok.com/ZMACR25wQ/,0
350,https://vm.tiktok.com/ZMACRJdx3/,0
351,https://vm.tiktok.com/ZMACRdGqe/,0
352,https://vm.tiktok.com/ZMACd35Tf/,0
353,https://vm.tiktok.com/ZMACdwgm6/,0
354,https://vm.tiktok.com/ZMACdnAqj/,0
355,https://vm.tiktok.com/ZMACRd6dL/,0
356,https://vm.tiktok.com/ZMACR83cP/,0
357,https://vm.tiktok.com/ZMACR2MAD/,0
358,https://vm.tiktok.com/ZMACRjbKW/,0
359,https://vm.tiktok.com/ZMACRLAnt/,0
360,https://vm.tiktok.com/ZMACdEecP/,0
361,https://vm.tiktok.com/ZMACRjt9e/,0
362,https://vm.tiktok.com/ZMACdvqV4/,0
363,https://vm.tiktok.com/ZMACRJXMp/,0
364,https://vm.tiktok.com/ZMACRYEF1/,0
365,https://vm.tiktok.com/ZMACRFWPj/,0
366,https://vm.tiktok.com/ZMACRNVB6/,0
367,https://vm.tiktok.com/ZMACdn5mx/,0
368,https://vm.tiktok.com/ZMACR8xkL/,0
369,https://vm.tiktok.com/ZMACRRRdd/,0
370,https://vm.tiktok.com/ZMACR1asv/,0
371,https://vm.tiktok.com/ZMACRdYyc/,0
372,https://vm.tiktok.com/ZMACRLtJu/,0
373,https://vm.tiktok.com/ZMACd7UQT/,0
374,https://vm.tiktok.com/ZMACR8Pq2/,0
375,https://vm.tiktok.com/ZMACd3JHr/,0
376,https://vm.tiktok.com/ZMACdnoph/,0
377,https://vm.tiktok.com/ZMACRRVLL/,0
378,https://vm.tiktok.com/ZMACRRq9M/,0
379,https://vm.tiktok.com/ZMACR2RhM/,0
380,https://vm.tiktok.com/ZMACR1PnK/,0
381,https://vm.tiktok.com/ZMACRFeSp/,0
382,https://vm.tiktok.com/ZMACdEkYv/,0
383,https://vm.tiktok.com/ZMACdwRcp/,0
384,https://vm.tiktok.com/ZMACRYbm3/,0
385,https://vm.tiktok.com/ZMACdcfhK/,0
386,https://vm.tiktok.com/ZMACdv9Nu/,0
387,https://vm.tiktok.com/ZMACRRYMd/,0
388,https://vm.tiktok.com/ZMACd3jSD/,0
389,https://vm.tiktok.com/ZMACd3mUh/,0
390,https://vm.tiktok.com/ZMACR2y8V/,0
391,https://vm.tiktok.com/ZMACdEPSt/,0
392,https://vm.tiktok.com/ZMACdTmpw/,0
393,https://vm.tiktok.com/ZMACRL7ve/,0
394,https://vm.tiktok.com/ZMACd7Gwj/,0
395,https://vm.tiktok.com/ZMACdWLqP/,0
396,https://vm.tiktok.com/ZMACdvhy2/,0
397,https://vm.tiktok.com/ZMACRYCbB/,0
398,https://vm.tiktok.com/ZMACR8P35/,0
399,https://vm.tiktok.com/ZMACR8Lbp/,0
400,https://vm.tiktok.com/ZMACr77VX/,0
401,https://vm.tiktok.com/ZMACh1q5R/,0
402,https://vm.tiktok.com/ZMACrtPPV/,0
404,https://vm.tiktok.com/ZMACr7ChB/,0
405,https://vm.tiktok.com/ZMACr7SGj/,0
406,https://vm.tiktok.com/ZMACh2h74/,0
407,https://vm.tiktok.com/ZMACrtDg3/,0
408,https://vm.tiktok.com/ZMACr7YG7/,0
409,https://vm.tiktok.com/ZMAChNN17/,0
410,https://vm.tiktok.com/ZMAChqM8n/,0
411,https://vm.tiktok.com/ZMAChyXe3/,0
412,https://vm.tiktok.com/ZMAChUGw3/,0
413,https://vm.tiktok.com/ZMAChAKFF/,0
414,https://vm.tiktok.com/ZMAChXCXV/,0
415,https://vm.tiktok.com/ZMAChkkHT/,0
416,https://vm.tiktok.com/ZMAChxAGb/,0
417,https://vm.tiktok.com/ZMAChMgBA/,0
418,https://vm.tiktok.com/ZMAChypMg/,0
419,https://vm.tiktok.com/ZMAChD6dU/,0
420,https://vm.tiktok.com/ZMAChUKje/,0
421,https://vm.tiktok.com/ZMAChUmSG/,0
422,https://vm.tiktok.com/ZMACho7pN/,0
423,https://vm.tiktok.com/ZMAChEEUD/,0
424,https://vm.tiktok.com/ZMAChwfG3/,0
425,https://vm.tiktok.com/ZMAChtM7W/,0
426,https://vm.tiktok.com/ZMAChodbe/,0
427,https://vm.tiktok.com/ZMACkNbnW/,0
428,https://vm.tiktok.com/ZMAChstJn/,0
429,https://vm.tiktok.com/ZMAChpyLM/,0
430,https://vm.tiktok.com/ZMACkJRqy/,0
431,https://vm.tiktok.com/ZMACh7RBA/,0
432,https://vm.tiktok.com/ZMACkF9jp/,0
433,https://vm.tiktok.com/ZMAChg9mp/,0
434,https://vm.tiktok.com/ZMACh78t7/,0
435,https://vm.tiktok.com/ZMACkeEsm/,0
436,https://vm.tiktok.com/ZMACkRb81/,0
437,https://vm.tiktok.com/ZMACkHSRW/,0
438,https://vm.tiktok.com/ZMACkFcep/,0
439,https://vm.tiktok.com/ZMACkmr42/,0
440,https://vm.tiktok.com/ZMACkybvd/,0
441,https://vm.tiktok.com/ZMACkBqaT/,0
442,https://vm.tiktok.com/ZMACkyrBk/,0
443,https://vm.tiktok.com/ZMACkHgnE/,0
444,https://vm.tiktok.com/ZMACkAP5v/,0
445,https://vm.tiktok.com/ZMACkxCAX/,0
446,https://vm.tiktok.com/ZMACkGVup/,0
447,https://vm.tiktok.com/ZMACkXL4M/,0
448,https://vm.tiktok.com/ZMACBJDGb/,0
449,https://vm.tiktok.com/ZMACkWSos/,0
450,https://vm.tiktok.com/ZMACkqpX7/,0
451,https://vm.tiktok.com/ZMACk34TA/,0
452,https://vm.tiktok.com/ZMACkW8r3/,0
453,https://vm.tiktok.com/ZMACkogbF/,0
454,https://vm.tiktok.com/ZMACkEwMu/,0
455,https://vm.tiktok.com/ZMACBhXD9/,0
456,https://vm.tiktok.com/ZMACBaCek/,0
457,https://vm.tiktok.com/ZMACB5jcW/,0
